<meta>
	<info title="mexui" author="Mex" version="1.5" />
	
	
	
	
	<!-- mexui -->
	<file type="client" src="mexui/Images/down-arrow.png" />
	
	<script language="javascript" type="client" src="mexui/mexui.js" />
	
	<script language="javascript" type="client" src="mexui/Core/Native.js" />
	<script language="javascript" type="client" src="mexui/Core/Utility.js" />
	
	<script language="javascript" type="client" src="mexui/Core/Entity/Transition.js" />
	<script language="javascript" type="client" src="mexui/Core/Entity/StyleableEntity.js" />
	<script language="javascript" type="client" src="mexui/Core/Entity/Component.js" />
	
	<script language="javascript" type="client" src="mexui/Core/Component/Control.js" />
	<script language="javascript" type="client" src="mexui/Core/Component/Entry.js" />
	<script language="javascript" type="client" src="mexui/Core/Component/Event.js" />
	<script language="javascript" type="client" src="mexui/Core/Component/Window.js" />
	
	<script language="javascript" type="client" src="mexui/Core/Entity/ControlAxis.js" />
	<script language="javascript" type="client" src="mexui/Core/Entity/ControlWithEntries.js" />
	
	<script language="javascript" type="client" src="mexui/Core/Entry/DropDownItem.js" />
	<script language="javascript" type="client" src="mexui/Core/Entry/GridColumn.js" />
	<script language="javascript" type="client" src="mexui/Core/Entry/GridRow.js" />
	<script language="javascript" type="client" src="mexui/Core/Entry/ListRow.js" />
	<script language="javascript" type="client" src="mexui/Core/Entry/Tab.js" />
	<script language="javascript" type="client" src="mexui/Core/Entry/TreeRow.js" />
	
	<script language="javascript" type="client" src="mexui/Core/Control/Button.js" />
	<script language="javascript" type="client" src="mexui/Core/Control/CheckBox.js" />
	<script language="javascript" type="client" src="mexui/Core/Control/DropDown.js" />
	<script language="javascript" type="client" src="mexui/Core/Control/Grid.js" />
	<script language="javascript" type="client" src="mexui/Core/Control/Image.js" />
	<script language="javascript" type="client" src="mexui/Core/Control/Line.js" />
	<script language="javascript" type="client" src="mexui/Core/Control/List.js" />
	<script language="javascript" type="client" src="mexui/Core/Control/ProgressBar.js" />
	<script language="javascript" type="client" src="mexui/Core/Control/RadioButton.js" />
	<script language="javascript" type="client" src="mexui/Core/Control/Rectangle.js" />
	<script language="javascript" type="client" src="mexui/Core/Control/ScrollBar.js" />
	<script language="javascript" type="client" src="mexui/Core/Control/Slider.js" />
	<script language="javascript" type="client" src="mexui/Core/Control/TabPanel.js" />
	<script language="javascript" type="client" src="mexui/Core/Control/Text.js" />
	<script language="javascript" type="client" src="mexui/Core/Control/TextInput.js" />
	<script language="javascript" type="client" src="mexui/Core/Control/Tree.js" />
	
	<script language="javascript" type="client" src="mexui/Core/Control/Character.js" />
	<script language="javascript" type="client" src="mexui/Core/Control/Characters.js" />
	<script language="javascript" type="client" src="mexui/Core/Control/Day.js" />
	<script language="javascript" type="client" src="mexui/Core/Control/Date.js" />
	<script language="javascript" type="client" src="mexui/Core/Control/Digit.js" />
	<script language="javascript" type="client" src="mexui/Core/Control/Digits.js" />
	<script language="javascript" type="client" src="mexui/Core/Control/Hour.js" />
	<script language="javascript" type="client" src="mexui/Core/Control/Integer.js" />
	<script language="javascript" type="client" src="mexui/Core/Control/Letter.js" />
	<script language="javascript" type="client" src="mexui/Core/Control/LetterDigit.js" />
	<script language="javascript" type="client" src="mexui/Core/Control/Letters.js" />
	<script language="javascript" type="client" src="mexui/Core/Control/LettersDigits.js" />
	<script language="javascript" type="client" src="mexui/Core/Control/Minute.js" />
	<script language="javascript" type="client" src="mexui/Core/Control/Month.js" />
	<script language="javascript" type="client" src="mexui/Core/Control/Number.js" />
	<script language="javascript" type="client" src="mexui/Core/Control/Password.js" />
	<script language="javascript" type="client" src="mexui/Core/Control/PositiveInteger.js" />
	<script language="javascript" type="client" src="mexui/Core/Control/PositiveNumber.js" />
	<script language="javascript" type="client" src="mexui/Core/Control/RangedInteger.js" />
	<script language="javascript" type="client" src="mexui/Core/Control/RangedNumber.js" />
	<script language="javascript" type="client" src="mexui/Core/Control/Second.js" />
	<script language="javascript" type="client" src="mexui/Core/Control/TextArea.js" />
	<script language="javascript" type="client" src="mexui/Core/Control/Time.js" />
	<script language="javascript" type="client" src="mexui/Core/Control/Week.js" />
	<script language="javascript" type="client" src="mexui/Core/Control/WeekDay.js" />
	<script language="javascript" type="client" src="mexui/Core/Control/Year.js" />
	
	<script language="javascript" type="client" src="mexui/Core/Init.js" />
	
	
	
	
	<!-- general features app -->
	<file type="client" src="GeneralFeaturesApp/Map/vc.png" />
	<script language="javascript" type="client" src="GeneralFeaturesApp/Map/Map.js" />
	
	<script language="javascript" type="server" src="GeneralFeaturesApp/server.js" />
	<script language="javascript" type="client" src="GeneralFeaturesApp/client.js" />
	
	
	
	
	<!-- data viewer app -->
	<script language="javascript" type="client" src="DataViewerApp/DataViewer.js" />
	
	
	
	
	<!-- run code app -->
	<script language="javascript" type="client" src="RunCodeApp/RunCode.js" />
	
	
	
	
	<!-- resource manager app -->
	<script language="javascript" type="client" src="ResourceManagerApp/ResourceManager.js" />
	
	
	
	
	<!-- test controls app -->
	<script language="javascript" type="client" src="TestControlsApp/TestControls.js" />
</meta>